rx_freq,rx_opt_cal,tx_freq,tx_opt_cal
11.3,30.690387,13.6,30.4900515
11.4,31.82122366,13.7,31.98817893
11.5,32.20017831,13.8,32.68102936
11.6,32.60056683,13.9,32.79993031
11.7,33.15098838,14,33.30537747
11.8,33.15231691,14.1,32.94819285
11.9,33.26283538,14.2,33.24219299
12,32.97074841,14.3,33.14132315
12.1,33.12404961,14.4,33.07541802
12.2,32.85039014,14.5,33.09254942
12.3,32.4385413,14.6,32.48234764
12.4,31.85935077,14.7,31.75679482
12.5,31.0623809,,
